state_abbr,year,fatalities,resident_pop_thousands,licensed_drivers_thousands,registered_vehicles_thousands,vehicle_miles_billions
AK,1994,85,601.0,436.0,546.0,4.0
AK,1995,87,601.0,434.0,555.0,4.0
AK,1996,81,605.0,440.0,552.0,4.0
AK,1997,77,609.0,446.0,556.0,4.0
AK,1998,70,615.0,457.0,560.0,5.0
AK,1999,79,620.0,459.0,586.0,5.0
TX,2000,3779,20944.0,13462.0,14257.0,220.0
AK,2001,89,634.0,472.0,615.0,5.0
AK,2002,89,642.0,480.0,639.0,5.0
AK,2003,98,648.0,481.0,656.0,5.0
AK,2004,101,659.0,483.0,681.0,5.0
AK,2005,73,667.0,487.0,695.0,5.0
AK,2006,74,675.0,489.0,699.0,5.0
AK,2007,82,680.0,495.0,706.0,5.0
AK,2008,62,687.0,503.0,719.0,5.0
AK,2009,64,699.0,508.0,724.0,5.0
AK,2010,56,714.0,515.0,741.0,5.0
AK,2011,72,723.0,521.0,758.0,5.0
AK,2012,59,731.0,526.0,775.0,5.0
AK,2013,51,737.0,529.0,786.0,5.0
AK,2014,73,737.0,532.0,800.0,5.0
AK,2015,65,738.0,533.0,815.0,5.0
AL,1994,1083,4233.0,2861.0,3215.0,49.0
AL,1995,1114,4263.0,3456.0,3591.0,51.0
AL,1996,1146,4290.0,3138.0,3443.0,51.0
AL,1997,1192,4320.0,3387.0,3708.0,53.0
AL,1998,1071,4351.0,3434.0,3903.0,55.0
AL,1999,1138,4370.0,3446.0,4006.0,56.0
CA,2000,3753,33988.0,21244.0,28146.0,307.0
AL,2001,991,4468.0,3560.0,4290.0,57.0
AL,2002,1038,4480.0,3578.0,4490.0,58.0
AL,2003,1004,4503.0,3598.0,4400.0,59.0
AL,2004,1154,4531.0,3613.0,4589.0,59.0
AL,2005,1148,4570.0,3637.0,4638.0,60.0
AL,2006,1207,4629.0,3665.0,4734.0,61.0
AL,2007,1110,4673.0,3692.0,4789.0,61.0
AL,2008,969,4718.0,3754.0,4857.0,59.0
AL,2009,848,4758.0,3782.0,4733.0,61.0
AL,2010,862,4785.0,3806.0,4777.0,64.0
AL,2011,895,4801.0,3799.0,4812.0,65.0
AL,2012,865,4816.0,3828.0,4845.0,65.0
AL,2013,853,4831.0,3859.0,4787.0,65.0
AL,2014,820,4846.0,3882.0,5367.0,66.0
AL,2015,849,4859.0,3907.0,5400.0,67.0
AR,1994,609,2451.0,1768.0,1581.0,25.0
AR,1995,631,2480.0,1769.0,1630.0,27.0
AR,1996,615,2505.0,1752.0,1643.0,28.0
AR,1997,660,2524.0,1879.0,1648.0,28.0
AR,1998,625,2538.0,1918.0,1775.0,28.0
AR,1999,604,2551.0,1926.0,1840.0,29.0
FL,2000,2999,16048.0,12853.0,12036.0,151.0
AR,2001,611,2692.0,1962.0,1893.0,29.0
AR,2002,640,2706.0,1965.0,1907.0,30.0
AR,2003,640,2725.0,1998.0,1927.0,31.0
AR,2004,703,2750.0,1862.0,1961.0,32.0
AR,2005,654,2781.0,2024.0,1990.0,32.0
AR,2006,665,2822.0,2035.0,2053.0,33.0
AR,2007,649,2849.0,2046.0,2074.0,33.0
AR,2008,600,2875.0,2055.0,2112.0,33.0
AR,2009,596,2897.0,2065.0,2113.0,33.0
AR,2010,571,2922.0,2078.0,2149.0,34.0
AR,2011,551,2939.0,1956.0,2448.0,33.0
AR,2012,560,2949.0,2199.0,2480.0,34.0
AR,2013,498,2958.0,2097.0,2418.0,33.0
AR,2014,470,2967.0,2112.0,2779.0,34.0
AR,2015,531,2978.0,2120.0,2772.0,35.0
AZ,1994,904,4148.0,2849.0,2881.0,39.0
AZ,1995,1035,4307.0,2626.0,2942.0,40.0
AZ,1996,994,4432.0,2727.0,3084.0,42.0
AZ,1997,951,4552.0,3120.0,3218.0,43.0
AZ,1998,980,4667.0,3198.0,2998.0,45.0
AZ,1999,1024,4778.0,3297.0,3751.0,47.0
NC,2000,1557,8082.0,5690.0,6305.0,90.0
AZ,2001,1051,5273.0,3550.0,4158.0,50.0
AZ,2002,1132,5396.0,3668.0,4159.0,52.0
AZ,2003,1118,5510.0,3819.0,3783.0,54.0
AZ,2004,1151,5652.0,3784.0,3985.0,57.0
AZ,2005,1179,5839.0,3943.0,4070.0,60.0
AZ,2006,1293,6029.0,4033.0,4297.0,62.0
AZ,2007,1071,6168.0,4154.0,4497.0,63.0
AZ,2008,938,6280.0,4316.0,4508.0,62.0
AZ,2009,806,6343.0,4403.0,4496.0,62.0
AZ,2010,759,6408.0,4444.0,4457.0,60.0
AZ,2011,826,6469.0,4592.0,5109.0,60.0
AZ,2012,821,6553.0,4698.0,5163.0,60.0
AZ,2013,849,6631.0,4791.0,5381.0,61.0
AZ,2014,773,6729.0,4882.0,5588.0,63.0
AZ,2015,893,6828.0,4979.0,5631.0,65.0
CA,1994,4232,31317.0,20156.0,22881.0,272.0
CA,1995,4192,31494.0,20140.0,22964.0,276.0
CA,1996,3989,31781.0,20249.0,24917.0,278.0
CA,1997,3688,32218.0,20385.0,25399.0,279.0
CA,1998,3494,32683.0,20499.0,26004.0,291.0
CA,1999,3559,33145.0,20831.0,26782.0,300.0
GA,2000,1541,8227.0,5550.0,7243.0,105.0
CA,2001,3956,34479.0,21624.0,29268.0,311.0
CA,2002,4088,34872.0,22395.0,30154.0,322.0
CA,2003,4224,35253.0,22657.0,30810.0,324.0
CA,2004,4120,35575.0,22761.0,32026.0,329.0
CA,2005,4333,35828.0,22896.0,33163.0,329.0
CA,2006,4240,36021.0,23021.0,33908.0,327.0
CA,2007,3995,36250.0,23467.0,34703.0,328.0
CA,2008,3434,36604.0,23698.0,34241.0,327.0
CA,2009,3090,36961.0,23681.0,35209.0,324.0
CA,2010,2720,37334.0,23753.0,31774.0,323.0
CA,2011,2816,37700.0,23857.0,29177.0,321.0
CA,2012,2966,38056.0,24201.0,27702.0,326.0
CA,2013,3107,38414.0,24390.0,28075.0,330.0
CA,2014,3102,38792.0,24813.0,28687.0,333.0
CA,2015,3176,39145.0,25533.0,29424.0,336.0
CO,1994,586,3654.0,2733.0,2846.0,34.0
CO,1995,645,3738.0,2728.0,2900.0,35.0
CO,1996,617,3813.0,2757.0,3532.0,36.0
CO,1997,613,3891.0,2836.0,3618.0,38.0
CO,1998,628,3969.0,2946.0,3563.0,39.0
CO,1999,626,4056.0,2991.0,3953.0,41.0
PA,2000,1520,12284.0,8229.0,9476.0,102.0
CO,2001,741,4426.0,3288.0,4844.0,43.0
CO,2002,743,4490.0,3166.0,2152.0,44.0
CO,2003,642,4529.0,2975.0,2035.0,43.0
CO,2004,667,4575.0,3205.0,2032.0,46.0
CO,2005,606,4632.0,3341.0,1925.0,48.0
CO,2006,535,4720.0,3341.0,1925.0,49.0
CO,2007,554,4804.0,3503.0,1819.0,49.0
CO,2008,548,4890.0,3606.0,1737.0,48.0
CO,2009,465,4972.0,3705.0,1524.0,46.0
CO,2010,450,5048.0,3779.0,4291.0,47.0
CO,2011,447,5119.0,3670.0,4332.0,47.0
CO,2012,474,5192.0,3808.0,4562.0,47.0
CO,2013,482,5271.0,3837.0,4683.0,47.0
CO,2014,488,5356.0,3883.0,4821.0,49.0
CO,2015,546,5457.0,3975.0,5005.0,50.0
CT,1994,310,3268.0,2319.0,2648.0,27.0
CT,1995,317,3265.0,2349.0,2671.0,28.0
CT,1996,310,3267.0,2344.0,2669.0,28.0
CT,1997,339,3269.0,2270.0,2708.0,29.0
CT,1998,329,3273.0,2349.0,2751.0,29.0
CT,1999,301,3282.0,2374.0,2820.0,30.0
NY,2000,1460,19002.0,10871.0,10342.0,129.0
CT,2001,318,3433.0,2650.0,2969.0,31.0
CT,2002,325,3459.0,2672.0,2977.0,31.0
CT,2003,298,3484.0,2660.0,3027.0,31.0
CT,2004,294,3496.0,2695.0,3106.0,32.0
CT,2005,278,3507.0,2740.0,3124.0,32.0
CT,2006,311,3517.0,2805.0,3117.0,32.0
CT,2007,296,3527.0,2849.0,3112.0,32.0
CT,2008,302,3546.0,2883.0,3160.0,32.0
CT,2009,224,3562.0,2916.0,3137.0,31.0
CT,2010,320,3580.0,2935.0,3148.0,31.0
CT,2011,221,3590.0,2986.0,2829.0,31.0
CT,2012,264,3594.0,2486.0,2706.0,31.0
CT,2013,286,3597.0,2534.0,2856.0,31.0
CT,2014,248,3595.0,2543.0,2866.0,31.0
CT,2015,266,3591.0,2567.0,2842.0,32.0
DE,1994,112,708.0,513.0,587.0,7.0
DE,1995,121,718.0,525.0,601.0,8.0
DE,1996,116,727.0,529.0,616.0,8.0
DE,1997,143,735.0,536.0,624.0,8.0
DE,1998,115,744.0,546.0,627.0,8.0
DE,1999,100,754.0,552.0,626.0,8.0
IL,2000,1418,12434.0,7961.0,9168.0,103.0
DE,2001,136,796.0,564.0,666.0,9.0
DE,2002,124,806.0,573.0,688.0,9.0
DE,2003,142,818.0,585.0,702.0,9.0
DE,2004,134,831.0,534.0,729.0,9.0
DE,2005,133,845.0,610.0,756.0,10.0
DE,2006,148,859.0,620.0,836.0,9.0
DE,2007,117,872.0,624.0,875.0,9.0
DE,2008,121,884.0,652.0,892.0,9.0
DE,2009,116,892.0,700.0,869.0,9.0
DE,2010,101,900.0,695.0,826.0,9.0
DE,2011,99,908.0,716.0,929.0,9.0
DE,2012,114,917.0,720.0,944.0,9.0
DE,2013,99,925.0,724.0,947.0,9.0
DE,2014,124,936.0,732.0,958.0,10.0
DE,2015,126,946.0,743.0,964.0,10.0
FL,1994,2687,13962.0,11005.0,10429.0,122.0
FL,1995,2805,14185.0,11024.0,10560.0,128.0
FL,1996,2753,14427.0,11400.0,10971.0,130.0
FL,1997,2785,14683.0,11749.0,11084.0,134.0
FL,1998,2825,14908.0,12027.0,11498.0,138.0
FL,1999,2920,15111.0,12401.0,11625.0,142.0
MI,2000,1382,9952.0,6925.0,8619.0,98.0
FL,2001,3012,16357.0,12743.0,14646.0,171.0
FL,2002,3136,16689.0,12744.0,14309.0,178.0
FL,2003,3169,17004.0,12906.0,14919.0,186.0
FL,2004,3244,17415.0,13146.0,15519.0,196.0
FL,2005,3518,17842.0,13374.0,16208.0,202.0
FL,2006,3357,18167.0,13989.0,16963.0,204.0
FL,2007,3213,18368.0,14139.0,17099.0,206.0
FL,2008,2980,18527.0,14034.0,17135.0,199.0
FL,2009,2560,18653.0,14005.0,15985.0,196.0
FL,2010,2444,18850.0,13950.0,14974.0,196.0
FL,2011,2400,19106.0,13882.0,15469.0,192.0
FL,2012,2431,19352.0,13897.0,15666.0,191.0
FL,2013,2403,19594.0,13670.0,15132.0,193.0
FL,2014,2494,19906.0,13898.0,15505.0,201.0
FL,2015,2939,20271.0,14263.0,16105.0,207.0
GA,1994,1425,7046.0,4817.0,6046.0,83.0
GA,1995,1488,7189.0,4840.0,6193.0,85.0
GA,1996,1573,7332.0,4966.0,6433.0,89.0
GA,1997,1577,7486.0,5063.0,6318.0,94.0
GA,1998,1568,7637.0,5316.0,6980.0,96.0
GA,1999,1508,7788.0,5471.0,7060.0,99.0
OH,2000,1366,11364.0,8206.0,10722.0,106.0
GA,2001,1647,8377.0,5834.0,7397.0,108.0
GA,2002,1524,8508.0,6013.0,7757.0,108.0
GA,2003,1603,8623.0,5758.0,7849.0,109.0
GA,2004,1634,8769.0,5793.0,8012.0,114.0
GA,2005,1729,8926.0,5940.0,8205.0,114.0
GA,2006,1693,9156.0,5907.0,8429.0,114.0
GA,2007,1641,9350.0,6134.0,8685.0,113.0
GA,2008,1495,9505.0,6257.0,8758.0,109.0
GA,2009,1292,9621.0,6315.0,8704.0,109.0
GA,2010,1247,9713.0,6508.0,7899.0,112.0
GA,2011,1226,9812.0,6506.0,7534.0,108.0
GA,2012,1192,9918.0,6582.0,7647.0,107.0
GA,2013,1180,9992.0,6607.0,7780.0,109.0
GA,2014,1164,10097.0,6650.0,8155.0,112.0
GA,2015,1430,10215.0,6906.0,8138.0,118.0
HI,1994,122,1174.0,745.0,791.0,8.0
HI,1995,130,1180.0,733.0,815.0,8.0
HI,1996,148,1184.0,733.0,812.0,8.0
HI,1997,131,1189.0,739.0,714.0,8.0
HI,1998,120,1190.0,746.0,724.0,8.0
HI,1999,98,1185.0,753.0,737.0,8.0
TN,2000,1307,5704.0,4251.0,4891.0,66.0
HI,2001,140,1226.0,788.0,890.0,9.0
HI,2002,119,1240.0,815.0,913.0,9.0
HI,2003,133,1251.0,834.0,925.0,9.0
HI,2004,142,1274.0,844.0,971.0,10.0
HI,2005,140,1293.0,856.0,972.0,10.0
HI,2006,161,1310.0,867.0,1040.0,10.0
HI,2007,138,1316.0,863.0,1023.0,10.0
HI,2008,107,1332.0,885.0,997.0,10.0
HI,2009,109,1347.0,890.0,945.0,10.0
HI,2010,113,1364.0,909.0,959.0,10.0
HI,2011,100,1378.0,912.0,1148.0,10.0
HI,2012,125,1393.0,915.0,1232.0,10.0
HI,2013,102,1409.0,915.0,1335.0,10.0
HI,2014,95,1420.0,903.0,1393.0,10.0
HI,2015,94,1432.0,910.0,1242.0,10.0
IA,1994,478,2829.0,1897.0,2881.0,26.0
IA,1995,527,2841.0,1905.0,2926.0,26.0
IA,1996,465,2848.0,1956.0,2985.0,27.0
IA,1997,468,2854.0,1953.0,2983.0,28.0
IA,1998,449,2861.0,1950.0,3182.0,29.0
IA,1999,490,2869.0,1935.0,3175.0,29.0
MO,2000,1157,5607.0,3856.0,4641.0,67.0
IA,2001,446,2932.0,1979.0,3456.0,30.0
IA,2002,405,2934.0,1993.0,3451.0,31.0
IA,2003,443,2942.0,1978.0,3509.0,31.0
IA,2004,388,2954.0,2004.0,3509.0,32.0
IA,2005,450,2964.0,2033.0,3544.0,31.0
IA,2006,439,2983.0,2041.0,3507.0,31.0
IA,2007,446,2999.0,2094.0,3522.0,31.0
IA,2008,412,3017.0,1990.0,3613.0,31.0
IA,2009,371,3033.0,2145.0,3548.0,31.0
IA,2010,390,3051.0,2167.0,3500.0,31.0
IA,2011,360,3065.0,2192.0,3497.0,31.0
IA,2012,365,3077.0,2217.0,3511.0,32.0
IA,2013,317,3092.0,2144.0,3541.0,32.0
IA,2014,322,3109.0,2228.0,3597.0,31.0
IA,2015,320,3124.0,2224.0,3637.0,33.0
ID,1994,250,1135.0,801.0,1068.0,12.0
ID,1995,262,1165.0,806.0,1077.0,12.0
ID,1996,258,1188.0,820.0,1090.0,13.0
ID,1997,259,1211.0,844.0,1116.0,13.0
ID,1998,265,1231.0,863.0,1153.0,13.0
ID,1999,278,1252.0,873.0,1170.0,14.0
SC,2000,1065,4024.0,2843.0,3146.0,46.0
ID,2001,259,1320.0,897.0,1363.0,14.0
ID,2002,264,1340.0,907.0,1429.0,14.0
ID,2003,293,1363.0,921.0,1345.0,14.0
ID,2004,260,1392.0,943.0,1394.0,15.0
ID,2005,275,1428.0,978.0,1431.0,15.0
ID,2006,267,1469.0,1008.0,1326.0,15.0
ID,2007,252,1505.0,1028.0,1326.0,16.0
ID,2008,232,1534.0,1038.0,1383.0,15.0
ID,2009,226,1554.0,1055.0,1431.0,16.0
ID,2010,209,1571.0,1070.0,1378.0,16.0
ID,2011,167,1584.0,1084.0,1625.0,16.0
ID,2012,184,1596.0,1093.0,1644.0,16.0
ID,2013,214,1613.0,1111.0,1692.0,16.0
ID,2014,186,1635.0,1128.0,1763.0,16.0
ID,2015,216,1655.0,1135.0,1854.0,17.0
IL,1994,1554,11805.0,7502.0,8886.0,92.0
IL,1995,1586,11885.0,7211.0,9157.0,94.0
IL,1996,1477,11953.0,7610.0,9031.0,96.0
IL,1997,1397,12012.0,7692.0,8625.0,99.0
IL,1998,1393,12070.0,7701.0,9511.0,101.0
IL,1999,1456,12128.0,7925.0,9572.0,102.0
AZ,2000,1036,5161.0,3434.0,3960.0,49.0
IL,2001,1414,12488.0,7810.0,10118.0,103.0
IL,2002,1420,12526.0,8033.0,9809.0,105.0
IL,2003,1454,12556.0,8054.0,9511.0,107.0
IL,2004,1355,12590.0,8058.0,9508.0,109.0
IL,2005,1363,12610.0,7871.0,9749.0,108.0
IL,2006,1254,12644.0,8071.0,10169.0,107.0
IL,2007,1248,12696.0,8190.0,10065.0,107.0
IL,2008,1043,12747.0,8261.0,10126.0,106.0
IL,2009,911,12797.0,8301.0,10240.0,106.0
IL,2010,927,12841.0,8374.0,10429.0,106.0
IL,2011,918,12862.0,8374.0,10445.0,103.0
IL,2012,956,12875.0,8236.0,10132.0,105.0
IL,2013,991,12890.0,8262.0,10193.0,105.0
IL,2014,924,12882.0,8374.0,10394.0,105.0
IL,2015,998,12860.0,8462.0,10595.0,105.0
IN,1994,971,5746.0,3860.0,4986.0,61.0
IN,1995,960,5792.0,3706.0,5168.0,65.0
IN,1996,984,5835.0,3704.0,5338.0,66.0
IN,1997,935,5872.0,3924.0,5444.0,69.0
IN,1998,982,5908.0,3976.0,5475.0,69.0
IN,1999,1020,5943.0,3856.0,5605.0,70.0
AL,2000,996,4452.0,3521.0,4015.0,57.0
IN,2001,909,6128.0,4117.0,5752.0,72.0
IN,2002,792,6156.0,4221.0,5800.0,73.0
IN,2003,833,6197.0,4536.0,5884.0,73.0
IN,2004,947,6233.0,4521.0,5678.0,73.0
IN,2005,938,6279.0,4246.0,5103.0,72.0
IN,2006,902,6333.0,4246.0,5103.0,71.0
IN,2007,898,6380.0,4309.0,5103.0,73.0
IN,2008,820,6425.0,5550.0,6053.0,74.0
IN,2009,693,6459.0,5550.0,6053.0,77.0
IN,2010,754,6491.0,5550.0,5903.0,76.0
IN,2011,751,6517.0,6570.0,6133.0,76.0
IN,2012,781,6538.0,5376.0,6004.0,79.0
IN,2013,784,6571.0,4500.0,5574.0,78.0
IN,2014,745,6598.0,4448.0,6013.0,79.0
IN,2015,821,6620.0,4468.0,6045.0,79.0
KS,1994,442,2569.0,1772.0,2128.0,25.0
KS,1995,442,2587.0,1771.0,2128.0,25.0
KS,1996,490,2598.0,1788.0,2170.0,26.0
KS,1997,482,2616.0,1825.0,2200.0,27.0
KS,1998,492,2639.0,1851.0,2169.0,27.0
KS,1999,540,2654.0,1892.0,2274.0,28.0
MS,2000,949,2848.0,2008.0,2321.0,36.0
KS,2001,494,2702.0,1871.0,2383.0,28.0
KS,2002,507,2714.0,1935.0,2390.0,28.0
KS,2003,469,2723.0,1987.0,2371.0,29.0
KS,2004,459,2734.0,1980.0,2408.0,29.0
KS,2005,428,2745.0,1974.0,2435.0,30.0
KS,2006,468,2763.0,2003.0,2461.0,30.0
KS,2007,416,2784.0,2018.0,2507.0,30.0
KS,2008,384,2808.0,2022.0,2533.0,30.0
KS,2009,386,2833.0,2045.0,2511.0,29.0
KS,2010,431,2859.0,2033.0,2524.0,30.0
KS,2011,386,2870.0,2026.0,2446.0,30.0
KS,2012,405,2886.0,2018.0,2449.0,31.0
KS,2013,350,2895.0,2018.0,2628.0,30.0
KS,2014,385,2903.0,2021.0,2543.0,31.0
KS,2015,355,2912.0,2029.0,2635.0,31.0
KY,1994,778,3823.0,2516.0,2700.0,40.0
KY,1995,849,3855.0,2535.0,2664.0,41.0
KY,1996,842,3881.0,2567.0,2779.0,43.0
KY,1997,857,3908.0,2575.0,2819.0,44.0
KY,1998,858,3934.0,2640.0,2885.0,45.0
KY,1999,814,3961.0,2660.0,2704.0,46.0
LA,2000,938,4472.0,2759.0,3605.0,41.0
KY,2001,845,4068.0,2757.0,3672.0,46.0
KY,2002,915,4090.0,2773.0,3649.0,47.0
KY,2003,928,4117.0,2800.0,3440.0,47.0
KY,2004,964,4146.0,2823.0,3373.0,47.0
KY,2005,985,4183.0,2861.0,3484.0,47.0
KY,2006,913,4219.0,2896.0,3617.0,48.0
KY,2007,864,4257.0,2933.0,3609.0,48.0
KY,2008,825,4290.0,2933.0,3669.0,48.0
KY,2009,791,4317.0,2939.0,3653.0,47.0
KY,2010,760,4348.0,2950.0,3661.0,48.0
KY,2011,720,4368.0,2960.0,3763.0,48.0
KY,2012,746,4383.0,2985.0,3671.0,47.0
KY,2013,638,4399.0,3019.0,4032.0,47.0
KY,2014,672,4413.0,3005.0,4149.0,48.0
KY,2015,761,4425.0,3021.0,4152.0,49.0
LA,1994,843,4307.0,2595.0,3462.0,37.0
LA,1995,894,4328.0,2594.0,3322.0,39.0
LA,1996,902,4339.0,2624.0,3397.0,38.0
LA,1997,931,4351.0,2678.0,3449.0,38.0
LA,1998,926,4363.0,2736.0,3470.0,40.0
LA,1999,938,4372.0,2763.0,3548.0,41.0
VA,2000,929,7106.0,4837.0,6107.0,75.0
LA,2001,952,4478.0,2718.0,3659.0,43.0
LA,2002,907,4497.0,3168.0,3714.0,43.0
LA,2003,940,4521.0,3120.0,3771.0,44.0
LA,2004,927,4552.0,3170.0,3823.0,45.0
LA,2005,963,4577.0,3084.0,3874.0,45.0
LA,2006,987,4303.0,3014.0,3934.0,45.0
LA,2007,993,4376.0,3034.0,3991.0,45.0
LA,2008,916,4436.0,2998.0,4048.0,45.0
LA,2009,824,4492.0,3086.0,4105.0,45.0
LA,2010,721,4545.0,3134.0,4155.0,45.0
LA,2011,680,4575.0,3186.0,4053.0,47.0
LA,2012,723,4604.0,2924.0,3889.0,47.0
LA,2013,703,4627.0,3278.0,3957.0,48.0
LA,2014,740,4649.0,3313.0,3887.0,48.0
LA,2015,726,4671.0,3357.0,3901.0,48.0
MA,1994,440,6031.0,4472.0,4093.0,47.0
MA,1995,444,6062.0,4211.0,4576.0,48.0
MA,1996,417,6085.0,4355.0,4827.0,50.0
MA,1997,441,6115.0,4393.0,5159.0,50.0
MA,1998,406,6144.0,4394.0,5259.0,52.0
MA,1999,414,6175.0,4421.0,5436.0,52.0
IN,2000,886,6092.0,3976.0,5689.0,71.0
MA,2001,477,6398.0,4611.0,5313.0,53.0
MA,2002,459,6417.0,4686.0,5537.0,53.0
MA,2003,462,6423.0,4646.0,5610.0,54.0
MA,2004,476,6412.0,4646.0,5593.0,55.0
MA,2005,441,6403.0,4613.0,5560.0,55.0
MA,2006,429,6410.0,4712.0,5529.0,55.0
MA,2007,434,6432.0,4699.0,5511.0,55.0
MA,2008,364,6469.0,4674.0,5482.0,55.0
MA,2009,340,6518.0,4630.0,5420.0,55.0
MA,2010,347,6565.0,4593.0,5493.0,54.0
MA,2011,374,6612.0,4683.0,5695.0,55.0
MA,2012,383,6658.0,4734.0,4950.0,56.0
MA,2013,351,6709.0,4766.0,4985.0,56.0
MA,2014,354,6755.0,4766.0,4994.0,58.0
MA,2015,306,6794.0,5041.0,5070.0,59.0
MD,1994,651,4985.0,3308.0,3679.0,44.0
MD,1995,671,5024.0,3344.0,3693.0,45.0
MD,1996,608,5057.0,3377.0,3735.0,46.0
MD,1997,611,5093.0,3347.0,3825.0,47.0
MD,1998,606,5130.0,3178.0,3793.0,48.0
MD,1999,590,5172.0,3195.0,3942.0,49.0
KY,2000,820,4049.0,2694.0,2870.0,47.0
MD,2001,659,5375.0,3452.0,3994.0,52.0
MD,2002,661,5440.0,3523.0,3941.0,54.0
MD,2003,650,5496.0,3552.0,3941.0,55.0
MD,2004,643,5547.0,3594.0,4193.0,55.0
MD,2005,614,5592.0,3710.0,4398.0,56.0
MD,2006,652,5627.0,3694.0,4561.0,56.0
MD,2007,614,5653.0,3738.0,4589.0,57.0
MD,2008,591,5685.0,3787.0,4605.0,55.0
MD,2009,549,5730.0,3905.0,4567.0,55.0
MD,2010,496,5788.0,3918.0,4637.0,56.0
MD,2011,485,5844.0,3857.0,3906.0,56.0
MD,2012,511,5891.0,4102.0,3983.0,56.0
MD,2013,465,5936.0,4140.0,3834.0,57.0
MD,2014,442,5975.0,4143.0,4052.0,56.0
MD,2015,513,6006.0,4186.0,4135.0,58.0
ME,1994,188,1238.0,914.0,971.0,12.0
ME,1995,187,1237.0,864.0,993.0,13.0
ME,1996,169,1241.0,874.0,994.0,13.0
ME,1997,192,1245.0,901.0,1087.0,13.0
ME,1998,192,1248.0,913.0,958.0,14.0
ME,1999,181,1253.0,912.0,946.0,14.0
WI,2000,799,5374.0,3770.0,4545.0,57.0
ME,2001,192,1286.0,943.0,1050.0,14.0
ME,2002,216,1296.0,949.0,999.0,15.0
ME,2003,207,1307.0,932.0,1087.0,15.0
ME,2004,194,1314.0,985.0,1107.0,15.0
ME,2005,169,1319.0,1004.0,1115.0,15.0
ME,2006,188,1324.0,1005.0,1117.0,15.0
ME,2007,183,1327.0,1010.0,1130.0,15.0
ME,2008,155,1331.0,1006.0,1129.0,15.0
ME,2009,159,1330.0,1014.0,1111.0,14.0
ME,2010,161,1328.0,1020.0,1110.0,15.0
ME,2011,136,1328.0,1015.0,1171.0,14.0
ME,2012,164,1329.0,1008.0,1180.0,14.0
ME,2013,144,1329.0,1011.0,1199.0,14.0
ME,2014,131,1330.0,1019.0,1195.0,14.0
ME,2015,156,1329.0,1020.0,1104.0,15.0
MI,1994,1421,9584.0,6602.0,7687.0,85.0
MI,1995,1530,9660.0,6659.0,7802.0,86.0
MI,1996,1505,9739.0,6717.0,8152.0,90.0
MI,1997,1446,9785.0,6751.0,8179.0,91.0
MI,1998,1366,9820.0,6803.0,8283.0,94.0
MI,1999,1382,9864.0,6863.0,8458.0,96.0
NJ,2000,731,8431.0,5655.0,6502.0,67.0
MI,2001,1328,9991.0,6977.0,8653.0,99.0
MI,2002,1277,10016.0,7025.0,8738.0,100.0
MI,2003,1283,10041.0,7065.0,8756.0,101.0
MI,2004,1159,10055.0,7103.0,8627.0,103.0
MI,2005,1129,10051.0,7105.0,8512.0,104.0
MI,2006,1086,10036.0,7113.0,8402.0,104.0
MI,2007,1087,10001.0,7059.0,8460.0,105.0
MI,2008,980,9947.0,7118.0,8217.0,102.0
MI,2009,872,9902.0,7083.0,8181.0,97.0
MI,2010,942,9877.0,7083.0,9567.0,98.0
MI,2011,889,9877.0,7060.0,9183.0,95.0
MI,2012,940,9887.0,7019.0,7798.0,95.0
MI,2013,947,9901.0,6987.0,8192.0,95.0
MI,2014,901,9916.0,7046.0,8126.0,97.0
MI,2015,963,9923.0,7104.0,8294.0,98.0
MN,1994,646,4566.0,2706.0,4187.0,43.0
MN,1995,597,4605.0,2761.0,4000.0,44.0
MN,1996,576,4648.0,2830.0,3911.0,44.0
MN,1997,600,4688.0,2839.0,4051.0,49.0
MN,1998,650,4726.0,2868.0,4306.0,50.0
MN,1999,626,4776.0,2907.0,4137.0,51.0
CO,2000,681,4327.0,3107.0,3724.0,42.0
MN,2001,568,4983.0,2961.0,4706.0,53.0
MN,2002,657,5019.0,2997.0,4679.0,55.0
MN,2003,655,5054.0,3036.0,4700.0,55.0
MN,2004,567,5088.0,3083.0,4782.0,57.0
MN,2005,559,5120.0,3084.0,4848.0,57.0
MN,2006,494,5164.0,3087.0,4921.0,57.0
MN,2007,510,5207.0,3149.0,4986.0,57.0
MN,2008,455,5247.0,3190.0,5032.0,58.0
MN,2009,421,5281.0,3245.0,5047.0,57.0
MN,2010,411,5311.0,3281.0,5103.0,57.0
MN,2011,368,5348.0,3306.0,4910.0,57.0
MN,2012,395,5380.0,3322.0,5099.0,57.0
MN,2013,387,5421.0,3331.0,5219.0,57.0
MN,2014,361,5457.0,3357.0,5223.0,57.0
MN,2015,411,5490.0,3351.0,5281.0,57.0
MO,1994,1089,5281.0,3382.0,4265.0,57.0
MO,1995,1109,5325.0,3587.0,4310.0,59.0
MO,1996,1148,5368.0,3749.0,4442.0,61.0
MO,1997,1192,5407.0,3744.0,4406.0,63.0
MO,1998,1169,5438.0,3798.0,4431.0,65.0
MO,1999,1094,5468.0,3840.0,4462.0,67.0
AR,2000,652,2679.0,1948.0,1865.0,29.0
MO,2001,1098,5641.0,3862.0,4272.0,68.0
MO,2002,1208,5675.0,3931.0,4299.0,68.0
MO,2003,1232,5709.0,3966.0,4534.0,68.0
MO,2004,1130,5748.0,4048.0,4890.0,69.0
MO,2005,1257,5790.0,4135.0,4671.0,69.0
MO,2006,1096,5843.0,4140.0,5043.0,69.0
MO,2007,992,5888.0,4162.0,5009.0,69.0
MO,2008,960,5924.0,4197.0,4965.0,68.0
MO,2009,878,5961.0,4218.0,5008.0,69.0
MO,2010,821,5996.0,4246.0,5263.0,71.0
MO,2011,786,6011.0,4277.0,5170.0,69.0
MO,2012,826,6025.0,4288.0,5685.0,69.0
MO,2013,757,6044.0,4280.0,5821.0,69.0
MO,2014,766,6064.0,4295.0,5333.0,71.0
MO,2015,869,6084.0,4213.0,5624.0,72.0
MS,1994,791,2663.0,1672.0,2091.0,29.0
MS,1995,868,2691.0,1693.0,2173.0,30.0
MS,1996,811,2710.0,1700.0,2215.0,31.0
MS,1997,861,2732.0,1723.0,2265.0,32.0
MS,1998,948,2751.0,1758.0,2287.0,34.0
MS,1999,927,2769.0,1788.0,2349.0,35.0
OK,2000,650,3454.0,2295.0,3072.0,43.0
MS,2001,784,2853.0,1859.0,1981.0,36.0
MS,2002,885,2859.0,1861.0,1982.0,36.0
MS,2003,872,2868.0,1886.0,1978.0,37.0
MS,2004,900,2889.0,1896.0,1992.0,39.0
MS,2005,931,2906.0,1965.0,2005.0,40.0
MS,2006,911,2905.0,1930.0,2025.0,41.0
MS,2007,884,2928.0,1927.0,2036.0,43.0
MS,2008,783,2948.0,1936.0,2063.0,44.0
MS,2009,700,2959.0,1931.0,2054.0,40.0
MS,2010,641,2970.0,1928.0,2044.0,40.0
MS,2011,630,2978.0,1927.0,2037.0,39.0
MS,2012,582,2986.0,1958.0,2052.0,39.0
MS,2013,613,2991.0,1969.0,2074.0,39.0
MS,2014,607,2993.0,1978.0,2068.0,39.0
MS,2015,677,2992.0,1988.0,2069.0,40.0
MT,1994,202,855.0,526.0,971.0,9.0
MT,1995,215,869.0,574.0,989.0,9.0
MT,1996,200,877.0,574.0,995.0,9.0
MT,1997,265,879.0,662.0,1001.0,9.0
MT,1998,237,880.0,647.0,1010.0,10.0
MT,1999,220,883.0,660.0,1020.0,10.0
WA,2000,631,5911.0,4155.0,5235.0,53.0
MT,2001,230,907.0,683.0,1060.0,10.0
MT,2002,269,912.0,695.0,1086.0,10.0
MT,2003,262,920.0,705.0,1077.0,11.0
MT,2004,229,930.0,713.0,1057.0,11.0
MT,2005,251,940.0,716.0,1057.0,11.0
MT,2006,264,953.0,724.0,1152.0,11.0
MT,2007,277,965.0,736.0,969.0,11.0
MT,2008,229,976.0,739.0,1039.0,11.0
MT,2009,221,984.0,738.0,1051.0,11.0
MT,2010,189,991.0,744.0,1052.0,11.0
MT,2011,209,998.0,752.0,1219.0,12.0
MT,2012,205,1005.0,758.0,1489.0,12.0
MT,2013,229,1014.0,767.0,1540.0,12.0
MT,2014,192,1023.0,769.0,1586.0,12.0
MT,2015,224,1033.0,781.0,1645.0,12.0
NC,1994,1431,7061.0,4840.0,5507.0,72.0
NC,1995,1448,7185.0,5028.0,5749.0,76.0
NC,1996,1494,7308.0,5187.0,5887.0,79.0
NC,1997,1483,7429.0,5399.0,5856.0,82.0
NC,1998,1596,7546.0,5534.0,5937.0,85.0
NC,1999,1505,7651.0,5491.0,5769.0,88.0
MN,2000,625,4934.0,2941.0,4773.0,53.0
NC,2001,1530,8210.0,5885.0,6267.0,92.0
NC,2002,1576,8326.0,5943.0,6241.0,93.0
NC,2003,1553,8423.0,6015.0,6214.0,94.0
NC,2004,1573,8553.0,6122.0,6299.0,96.0
NC,2005,1547,8705.0,6228.0,6254.0,101.0
NC,2006,1554,8917.0,6316.0,6412.0,102.0
NC,2007,1676,9118.0,6384.0,6433.0,104.0
NC,2008,1428,9309.0,6457.0,6371.0,102.0
NC,2009,1313,9450.0,6504.0,6175.0,103.0
NC,2010,1320,9559.0,6537.0,5877.0,102.0
NC,2011,1230,9651.0,6569.0,6250.0,104.0
NC,2012,1299,9747.0,6678.0,7793.0,105.0
NC,2013,1290,9845.0,6823.0,7814.0,105.0
NC,2014,1284,9940.0,7025.0,7876.0,108.0
NC,2015,1379,10043.0,7161.0,7929.0,112.0
ND,1994,88,640.0,439.0,702.0,6.0
ND,1995,74,642.0,449.0,712.0,7.0
ND,1996,85,643.0,449.0,711.0,7.0
ND,1997,105,641.0,452.0,711.0,7.0
ND,1998,92,638.0,455.0,688.0,7.0
ND,1999,119,634.0,458.0,721.0,7.0
MD,2000,588,5311.0,3382.0,3897.0,50.0
ND,2001,105,639.0,456.0,726.0,7.0
ND,2002,97,638.0,461.0,716.0,7.0
ND,2003,105,639.0,460.0,713.0,7.0
ND,2004,100,645.0,462.0,722.0,8.0
ND,2005,123,646.0,467.0,718.0,8.0
ND,2006,111,649.0,469.0,738.0,8.0
ND,2007,111,653.0,471.0,738.0,8.0
ND,2008,104,658.0,473.0,748.0,8.0
ND,2009,140,665.0,477.0,754.0,8.0
ND,2010,105,675.0,483.0,769.0,8.0
ND,2011,148,685.0,490.0,786.0,9.0
ND,2012,170,702.0,503.0,810.0,10.0
ND,2013,148,724.0,514.0,845.0,10.0
ND,2014,135,740.0,528.0,871.0,11.0
ND,2015,131,757.0,545.0,891.0,10.0
NE,1994,271,1622.0,1146.0,1478.0,15.0
NE,1995,254,1635.0,1152.0,1486.0,16.0
NE,1996,293,1648.0,1160.0,1506.0,16.0
NE,1997,302,1656.0,1179.0,1525.0,17.0
NE,1998,315,1661.0,1186.0,1545.0,18.0
NE,1999,295,1666.0,1203.0,1589.0,18.0
KS,2000,461,2694.0,1908.0,2346.0,28.0
NE,2001,246,1720.0,1267.0,1657.0,18.0
NE,2002,307,1728.0,1275.0,1681.0,19.0
NE,2003,293,1739.0,1311.0,1704.0,19.0
NE,2004,254,1749.0,1316.0,1718.0,19.0
NE,2005,276,1761.0,1321.0,1734.0,19.0
NE,2006,269,1773.0,1328.0,1770.0,19.0
NE,2007,256,1783.0,1331.0,1780.0,19.0
NE,2008,208,1796.0,1346.0,1800.0,19.0
NE,2009,223,1813.0,1349.0,1844.0,19.0
NE,2010,190,1830.0,1352.0,1854.0,19.0
NE,2011,181,1842.0,1356.0,1887.0,19.0
NE,2012,212,1856.0,1364.0,1888.0,19.0
NE,2013,211,1869.0,1375.0,1891.0,19.0
NE,2014,225,1883.0,1384.0,1948.0,20.0
NE,2015,246,1896.0,1394.0,1981.0,20.0
NH,1994,119,1133.0,877.0,1025.0,11.0
NH,1995,118,1146.0,901.0,1171.0,11.0
NH,1996,134,1161.0,915.0,1183.0,11.0
NH,1997,125,1173.0,883.0,1175.0,11.0
NH,1998,128,1186.0,907.0,1085.0,12.0
NH,1999,140,1201.0,919.0,1099.0,12.0
OR,2000,451,3430.0,2495.0,3091.0,34.0
NH,2001,142,1256.0,942.0,1153.0,12.0
NH,2002,127,1269.0,955.0,1201.0,13.0
NH,2003,127,1280.0,968.0,1205.0,13.0
NH,2004,171,1290.0,986.0,1245.0,14.0
NH,2005,166,1298.0,998.0,1243.0,13.0
NH,2006,127,1308.0,1028.0,1131.0,14.0
NH,2007,129,1313.0,1027.0,1260.0,13.0
NH,2008,138,1316.0,1031.0,1295.0,13.0
NH,2009,110,1316.0,1034.0,1293.0,13.0
NH,2010,128,1317.0,1037.0,1283.0,13.0
NH,2011,90,1318.0,1057.0,1278.0,13.0
NH,2012,108,1321.0,1065.0,1302.0,13.0
NH,2013,135,1323.0,1061.0,1409.0,13.0
NH,2014,95,1328.0,1072.0,1310.0,13.0
NH,2015,114,1331.0,1075.0,1296.0,13.0
NJ,1994,761,7919.0,5433.0,5926.0,60.0
NJ,1995,774,7966.0,5404.0,5995.0,61.0
NJ,1996,814,8010.0,5486.0,5965.0,62.0
NJ,1997,775,8054.0,5576.0,5911.0,63.0
NJ,1998,741,8096.0,5563.0,5881.0,65.0
NJ,1999,726,8143.0,5551.0,6208.0,66.0
IA,2000,445,2929.0,1953.0,3233.0,29.0
NJ,2001,745,8493.0,5715.0,6706.0,69.0
NJ,2002,771,8553.0,5712.0,6822.0,70.0
NJ,2003,733,8601.0,5729.0,6852.0,70.0
NJ,2004,723,8635.0,5800.0,6374.0,73.0
NJ,2005,747,8652.0,5871.0,6420.0,74.0
NJ,2006,771,8662.0,5834.0,6122.0,75.0
NJ,2007,724,8678.0,5782.0,6411.0,76.0
NJ,2008,590,8711.0,5782.0,6411.0,74.0
NJ,2009,584,8756.0,5924.0,6272.0,73.0
NJ,2010,556,8804.0,5953.0,6956.0,73.0
NJ,2011,627,8843.0,5977.0,7940.0,73.0
NJ,2012,589,8875.0,6040.0,7911.0,74.0
NJ,2013,542,8907.0,6081.0,7061.0,75.0
NJ,2014,556,8939.0,6153.0,6874.0,75.0
NJ,2015,562,8958.0,6179.0,5939.0,75.0
NM,1994,447,1653.0,1167.0,1453.0,20.0
NM,1995,485,1682.0,1173.0,1515.0,21.0
NM,1996,485,1706.0,1179.0,1528.0,22.0
NM,1997,484,1723.0,1194.0,1546.0,22.0
NM,1998,424,1734.0,1204.0,1627.0,22.0
NM,1999,460,1740.0,1222.0,1607.0,22.0
MA,2000,433,6361.0,4490.0,5372.0,53.0
NM,2001,464,1832.0,1232.0,1457.0,23.0
NM,2002,449,1855.0,1244.0,1573.0,23.0
NM,2003,439,1878.0,1236.0,1542.0,23.0
NM,2004,521,1904.0,1271.0,1579.0,24.0
NM,2005,488,1932.0,1305.0,1586.0,24.0
NM,2006,484,1962.0,1338.0,1624.0,26.0
NM,2007,413,1990.0,1365.0,1646.0,27.0
NM,2008,366,2011.0,1365.0,1617.0,26.0
NM,2009,361,2037.0,1378.0,1675.0,26.0
NM,2010,349,2065.0,1406.0,1666.0,25.0
NM,2011,350,2078.0,1419.0,1772.0,26.0
NM,2012,366,2085.0,1430.0,1806.0,26.0
NM,2013,311,2087.0,1457.0,1882.0,25.0
NM,2014,386,2086.0,1445.0,1931.0,25.0
NM,2015,298,2085.0,1468.0,1823.0,27.0
NV,1994,294,1456.0,1007.0,1005.0,13.0
NV,1995,313,1526.0,1045.0,1069.0,14.0
NV,1996,348,1596.0,1117.0,1092.0,16.0
NV,1997,347,1676.0,1186.0,1169.0,16.0
NV,1998,361,1744.0,1246.0,1245.0,16.0
NV,1999,350,1809.0,1322.0,1186.0,17.0
NM,2000,432,1821.0,1239.0,1557.0,23.0
NV,2001,314,2098.0,1421.0,1312.0,18.0
NV,2002,381,2174.0,1461.0,1289.0,18.0
NV,2003,368,2249.0,1488.0,1259.0,19.0
NV,2004,395,2346.0,1548.0,1326.0,20.0
NV,2005,427,2432.0,1596.0,1400.0,21.0
NV,2006,431,2523.0,1626.0,1424.0,22.0
NV,2007,373,2601.0,1662.0,1486.0,22.0
NV,2008,324,2654.0,1679.0,1482.0,21.0
NV,2009,243,2685.0,1690.0,1466.0,20.0
NV,2010,257,2703.0,1691.0,1428.0,22.0
NV,2011,246,2719.0,1701.0,2152.0,24.0
NV,2012,261,2755.0,1728.0,2130.0,24.0
NV,2013,266,2790.0,1756.0,2203.0,25.0
NV,2014,291,2838.0,1796.0,2240.0,25.0
NV,2015,325,2891.0,1836.0,2316.0,26.0
NY,1994,1678,18157.0,10377.0,10371.0,113.0
NY,1995,1679,18151.0,10474.0,10444.0,115.0
NY,1996,1593,18144.0,10484.0,10872.0,119.0
NY,1997,1652,18143.0,10530.0,11009.0,121.0
NY,1998,1514,18159.0,10554.0,10561.0,123.0
NY,1999,1599,18197.0,10627.0,10900.0,126.0
WV,2000,411,1807.0,1347.0,1468.0,19.0
NY,2001,1564,19083.0,11015.0,10315.0,131.0
NY,2002,1530,19138.0,10914.0,10598.0,133.0
NY,2003,1493,19176.0,11357.0,10952.0,135.0
NY,2004,1495,19172.0,11247.0,11269.0,138.0
NY,2005,1434,19133.0,11072.0,12053.0,139.0
NY,2006,1454,19105.0,11146.0,11487.0,141.0
NY,2007,1332,19132.0,11369.0,11811.0,137.0
NY,2008,1238,19212.0,11285.0,11429.0,134.0
NY,2009,1158,19307.0,11329.0,11591.0,133.0
NY,2010,1201,19403.0,11286.0,10603.0,131.0
NY,2011,1171,19523.0,11211.0,10431.0,128.0
NY,2012,1180,19607.0,11249.0,10449.0,128.0
NY,2013,1202,19691.0,11211.0,10674.0,130.0
NY,2014,1041,19749.0,11318.0,10904.0,129.0
NY,2015,1121,19796.0,11690.0,10639.0,127.0
OH,1994,1370,11111.0,7142.0,9888.0,98.0
OH,1995,1360,11155.0,7773.0,10029.0,101.0
OH,1996,1391,11187.0,7853.0,10114.0,103.0
OH,1997,1441,11212.0,8186.0,10328.0,104.0
OH,1998,1422,11238.0,7941.0,10269.0,105.0
OH,1999,1430,11257.0,8046.0,10476.0,106.0
UT,2000,373,2245.0,1463.0,1656.0,23.0
OH,2001,1378,11387.0,7736.0,10824.0,107.0
OH,2002,1418,11408.0,7708.0,10741.0,108.0
OH,2003,1274,11435.0,7656.0,10823.0,109.0
OH,2004,1286,11452.0,7675.0,10935.0,112.0
OH,2005,1321,11463.0,7708.0,10943.0,110.0
OH,2006,1238,11481.0,7739.0,11161.0,111.0
OH,2007,1255,11500.0,7976.0,11195.0,111.0
OH,2008,1191,11515.0,7962.0,11304.0,108.0
OH,2009,1022,11529.0,7937.0,11410.0,111.0
OH,2010,1080,11541.0,7963.0,10185.0,112.0
OH,2011,1017,11545.0,7982.0,10217.0,112.0
OH,2012,1121,11552.0,8006.0,10116.0,113.0
OH,2013,989,11572.0,8030.0,10360.0,113.0
OH,2014,1006,11597.0,7916.0,10453.0,113.0
OH,2015,1110,11613.0,7923.0,10557.0,114.0
OK,1994,687,3246.0,2344.0,2862.0,36.0
OK,1995,669,3266.0,2156.0,2912.0,38.0
OK,1996,772,3290.0,2396.0,3144.0,39.0
OK,1997,838,3314.0,2279.0,2936.0,41.0
OK,1998,755,3339.0,2305.0,2973.0,42.0
OK,1999,741,3358.0,2313.0,2985.0,43.0
CT,2000,341,3412.0,2653.0,2907.0,31.0
OK,2001,682,3467.0,2172.0,3359.0,44.0
OK,2002,739,3489.0,2324.0,3138.0,46.0
OK,2003,671,3505.0,2348.0,3146.0,46.0
OK,2004,774,3525.0,2370.0,3236.0,46.0
OK,2005,803,3549.0,2234.0,3808.0,47.0
OK,2006,765,3594.0,2264.0,3296.0,49.0
OK,2007,766,3634.0,2283.0,3326.0,48.0
OK,2008,750,3669.0,2302.0,3408.0,48.0
OK,2009,737,3718.0,2321.0,3521.0,47.0
OK,2010,668,3760.0,2349.0,3483.0,48.0
OK,2011,696,3787.0,2371.0,3429.0,47.0
OK,2012,709,3818.0,2400.0,3440.0,48.0
OK,2013,678,3853.0,2418.0,3460.0,48.0
OK,2014,669,3880.0,2452.0,3518.0,48.0
OK,2015,643,3911.0,2622.0,2989.0,48.0
OR,1994,494,3087.0,2543.0,2814.0,29.0
OR,1995,574,3141.0,2542.0,2846.0,30.0
OR,1996,526,3195.0,2613.0,2877.0,30.0
OR,1997,524,3243.0,2277.0,2954.0,32.0
OR,1998,538,3282.0,2417.0,3045.0,33.0
OR,1999,414,3316.0,2462.0,3080.0,35.0
NV,2000,323,2019.0,1371.0,1245.0,18.0
OR,2001,488,3468.0,2534.0,3112.0,34.0
OR,2002,436,3513.0,2564.0,3144.0,35.0
OR,2003,512,3547.0,2590.0,3136.0,35.0
OR,2004,456,3569.0,2626.0,3079.0,36.0
OR,2005,487,3613.0,2693.0,2970.0,35.0
OR,2006,478,3671.0,2767.0,3066.0,35.0
OR,2007,455,3722.0,2827.0,3185.0,35.0
OR,2008,416,3769.0,2856.0,3209.0,33.0
OR,2009,377,3809.0,2842.0,3151.0,34.0
OR,2010,317,3838.0,2770.0,3158.0,34.0
OR,2011,331,3869.0,2774.0,3128.0,33.0
OR,2012,337,3899.0,2770.0,3527.0,33.0
OR,2013,313,3928.0,2773.0,3604.0,34.0
OR,2014,357,3971.0,2785.0,3418.0,35.0
OR,2015,447,4029.0,2809.0,3607.0,36.0
PA,1994,1441,12043.0,8115.0,8651.0,92.0
PA,1995,1480,12045.0,8154.0,8652.0,95.0
PA,1996,1469,12038.0,8221.0,8817.0,97.0
PA,1997,1557,12016.0,8318.0,9008.0,98.0
PA,1998,1481,12002.0,8405.0,9170.0,100.0
PA,1999,1549,11994.0,8478.0,9209.0,102.0
ID,2000,276,1299.0,884.0,1220.0,14.0
PA,2001,1532,12299.0,8226.0,9869.0,103.0
PA,2002,1614,12331.0,8324.0,9775.0,105.0
PA,2003,1577,12375.0,8370.0,9993.0,106.0
PA,2004,1490,12411.0,8430.0,10113.0,108.0
PA,2005,1616,12450.0,8461.0,10170.0,108.0
PA,2006,1525,12511.0,8526.0,10225.0,108.0
PA,2007,1491,12564.0,8601.0,10292.0,109.0
PA,2008,1468,12612.0,8646.0,10765.0,108.0
PA,2009,1256,12667.0,8687.0,10267.0,103.0
PA,2010,1324,12712.0,8737.0,10403.0,100.0
PA,2011,1286,12745.0,8797.0,10303.0,99.0
PA,2012,1310,12773.0,8843.0,10471.0,99.0
PA,2013,1210,12784.0,8897.0,10461.0,99.0
PA,2014,1195,12794.0,8916.0,10505.0,100.0
PA,2015,1200,12803.0,8943.0,10599.0,101.0
RI,1994,63,993.0,688.0,716.0,7.0
RI,1995,69,989.0,670.0,716.0,7.0
RI,1996,69,988.0,669.0,717.0,7.0
RI,1997,75,987.0,680.0,727.0,7.0
RI,1998,74,988.0,682.0,733.0,8.0
RI,1999,88,991.0,689.0,766.0,8.0
NE,2000,276,1714.0,1195.0,1640.0,18.0
RI,2001,81,1057.0,660.0,786.0,8.0
RI,2002,84,1066.0,721.0,799.0,8.0
RI,2003,104,1071.0,731.0,830.0,8.0
RI,2004,83,1075.0,742.0,835.0,8.0
RI,2005,87,1068.0,746.0,840.0,8.0
RI,2006,81,1063.0,742.0,837.0,8.0
RI,2007,69,1057.0,744.0,828.0,9.0
RI,2008,65,1055.0,748.0,826.0,8.0
RI,2009,83,1054.0,746.0,823.0,8.0
RI,2010,67,1053.0,748.0,816.0,8.0
RI,2011,66,1052.0,750.0,919.0,8.0
RI,2012,64,1052.0,750.0,854.0,8.0
RI,2013,65,1053.0,749.0,853.0,8.0
RI,2014,51,1055.0,748.0,865.0,8.0
RI,2015,45,1056.0,745.0,875.0,8.0
SC,1994,847,3666.0,2492.0,2777.0,37.0
SC,1995,881,3700.0,2542.0,2868.0,39.0
SC,1996,930,3739.0,2575.0,2866.0,40.0
SC,1997,903,3790.0,2613.0,2890.0,41.0
SC,1998,1002,3840.0,2679.0,2934.0,43.0
SC,1999,1065,3886.0,2810.0,3073.0,44.0
MT,2000,237,904.0,679.0,1053.0,10.0
SC,2001,1060,4065.0,2850.0,3199.0,47.0
SC,2002,1053,4108.0,2919.0,3265.0,47.0
SC,2003,969,4150.0,2919.0,3219.0,48.0
SC,2004,1046,4211.0,2972.0,3317.0,50.0
SC,2005,1094,4270.0,2988.0,3402.0,49.0
SC,2006,1045,4358.0,3068.0,3542.0,50.0
SC,2007,1077,4444.0,3127.0,3616.0,51.0
SC,2008,921,4529.0,3185.0,3707.0,50.0
SC,2009,894,4590.0,3268.0,3721.0,49.0
SC,2010,809,4636.0,3337.0,3768.0,49.0
SC,2011,828,4673.0,3408.0,3827.0,49.0
SC,2012,863,4721.0,3456.0,3897.0,49.0
SC,2013,767,4768.0,3536.0,3987.0,49.0
SC,2014,823,4829.0,3618.0,4018.0,50.0
SC,2015,977,4896.0,3684.0,4163.0,52.0
SD,1994,154,723.0,508.0,795.0,8.0
SD,1995,158,728.0,516.0,734.0,8.0
SD,1996,175,731.0,519.0,738.0,8.0
SD,1997,148,731.0,524.0,743.0,8.0
SD,1998,165,731.0,535.0,794.0,8.0
SD,1999,150,733.0,544.0,808.0,8.0
SD,2000,173,756.0,544.0,822.0,8.0
SD,2001,171,758.0,545.0,835.0,9.0
SD,2002,180,760.0,546.0,848.0,8.0
SD,2003,203,764.0,555.0,864.0,9.0
SD,2004,197,770.0,563.0,883.0,9.0
SD,2005,186,775.0,566.0,900.0,8.0
SD,2006,191,783.0,583.0,897.0,9.0
SD,2007,146,792.0,589.0,923.0,9.0
SD,2008,121,799.0,597.0,966.0,9.0
SD,2009,131,807.0,602.0,989.0,9.0
SD,2010,140,816.0,602.0,991.0,9.0
SD,2011,111,824.0,603.0,995.0,9.0
SD,2012,133,835.0,607.0,1004.0,9.0
SD,2013,135,845.0,604.0,1015.0,9.0
SD,2014,136,853.0,610.0,1033.0,9.0
SD,2015,133,858.0,656.0,1082.0,9.0
TN,1994,1214,5163.0,3826.0,5116.0,55.0
TN,1995,1259,5241.0,3739.0,5470.0,56.0
TN,1996,1239,5314.0,3806.0,4963.0,58.0
TN,1997,1225,5378.0,3929.0,4591.0,61.0
TN,1998,1216,5433.0,4073.0,4529.0,63.0
TN,1999,1302,5484.0,4176.0,4490.0,65.0
ME,2000,169,1277.0,920.0,1053.0,14.0
TN,2001,1251,5751.0,4188.0,5223.0,68.0
TN,2002,1177,5796.0,4206.0,4861.0,68.0
TN,2003,1193,5848.0,4204.0,4889.0,69.0
TN,2004,1339,5911.0,4248.0,5143.0,71.0
TN,2005,1270,5991.0,4352.0,5102.0,71.0
TN,2006,1284,6089.0,4388.0,5225.0,71.0
TN,2007,1211,6176.0,4426.0,5484.0,71.0
TN,2008,1043,6247.0,4451.0,5250.0,69.0
TN,2009,986,6306.0,4477.0,5302.0,70.0
TN,2010,1032,6357.0,4418.0,5277.0,70.0
TN,2011,937,6398.0,4544.0,5302.0,71.0
TN,2012,1015,6455.0,4574.0,5393.0,71.0
TN,2013,995,6496.0,4605.0,5452.0,71.0
TN,2014,963,6548.0,4613.0,5496.0,72.0
TN,2015,958,6600.0,4621.0,5612.0,77.0
TX,1994,3187,18338.0,12110.0,13769.0,178.0
TX,1995,3183,18680.0,12369.0,13812.0,181.0
TX,1996,3742,19006.0,12568.0,13859.0,185.0
TX,1997,3513,19355.0,12834.0,13057.0,199.0
TX,1998,3586,19712.0,13323.0,13473.0,206.0
TX,1999,3522,20044.0,13359.0,14238.0,211.0
WY,2000,152,494.0,371.0,605.0,8.0
TX,2001,3736,21320.0,13046.0,14572.0,216.0
TX,2002,3823,21690.0,13185.0,14899.0,221.0
TX,2003,3821,22031.0,13498.0,15150.0,223.0
TX,2004,3699,22394.0,14544.0,17194.0,231.0
TX,2005,3536,22778.0,14659.0,17801.0,235.0
TX,2006,3531,23360.0,14907.0,17894.0,238.0
TX,2007,3466,23832.0,15184.0,18460.0,243.0
TX,2008,3476,24309.0,15374.0,18647.0,235.0
TX,2009,3104,24802.0,15374.0,18647.0,230.0
TX,2010,3023,25244.0,15158.0,17625.0,234.0
TX,2011,3054,25654.0,15123.0,19617.0,237.0
TX,2012,3408,26090.0,15252.0,20238.0,238.0
TX,2013,3389,26501.0,15447.0,20171.0,245.0
TX,2014,3536,26979.0,15649.0,20877.0,243.0
TX,2015,3516,27469.0,15880.0,21865.0,258.0
UT,1994,343,1930.0,1245.0,1438.0,18.0
UT,1995,325,1977.0,1255.0,1469.0,19.0
UT,1996,321,2022.0,1319.0,1502.0,20.0
UT,1997,366,2065.0,1357.0,1553.0,20.0
UT,1998,350,2101.0,1393.0,1557.0,21.0
UT,1999,360,2130.0,1440.0,1602.0,22.0
HI,2000,132,1214.0,769.0,758.0,9.0
UT,2001,291,2284.0,1496.0,1791.0,23.0
UT,2002,328,2325.0,1530.0,1889.0,25.0
UT,2003,309,2360.0,1548.0,2045.0,24.0
UT,2004,296,2402.0,1583.0,2129.0,25.0
UT,2005,282,2458.0,1600.0,2258.0,25.0
UT,2006,287,2526.0,1619.0,2287.0,26.0
UT,2007,299,2598.0,1652.0,2375.0,27.0
UT,2008,276,2663.0,1687.0,2497.0,26.0
UT,2009,244,2723.0,1720.0,2514.0,26.0
UT,2010,253,2775.0,1660.0,2714.0,27.0
UT,2011,243,2816.0,1747.0,1883.0,26.0
UT,2012,217,2856.0,1789.0,1981.0,27.0
UT,2013,220,2904.0,1661.0,2061.0,27.0
UT,2014,256,2944.0,1426.0,2151.0,28.0
UT,2015,276,2996.0,1914.0,2229.0,30.0
VA,1994,930,6537.0,4601.0,5565.0,68.0
VA,1995,900,6601.0,4629.0,5671.0,70.0
VA,1996,877,6665.0,4692.0,5687.0,71.0
VA,1997,984,6733.0,4901.0,5765.0,70.0
VA,1998,935,6789.0,4668.0,5876.0,73.0
VA,1999,878,6873.0,4729.0,5929.0,74.0
NH,2000,126,1240.0,930.0,1100.0,12.0
VA,2001,935,7198.0,4921.0,6236.0,74.0
VA,2002,914,7287.0,5158.0,6343.0,77.0
VA,2003,943,7367.0,5046.0,6420.0,77.0
VA,2004,922,7476.0,5113.0,6573.0,79.0
VA,2005,947,7577.0,5178.0,6669.0,80.0
VA,2006,962,7674.0,5211.0,6717.0,81.0
VA,2007,1027,7751.0,5260.0,6694.0,82.0
VA,2008,825,7833.0,5301.0,6609.0,82.0
VA,2009,758,7926.0,5348.0,6381.0,81.0
VA,2010,740,8026.0,5402.0,6223.0,82.0
VA,2011,764,8111.0,5467.0,6998.0,81.0
VA,2012,776,8193.0,5538.0,7117.0,81.0
VA,2013,740,8268.0,5603.0,7051.0,81.0
VA,2014,703,8328.0,5769.0,7160.0,81.0
VA,2015,753,8383.0,5820.0,7239.0,83.0
VT,1994,77,579.0,446.0,507.0,6.0
VT,1995,106,583.0,456.0,510.0,6.0
VT,1996,88,586.0,469.0,528.0,6.0
VT,1997,96,589.0,475.0,515.0,6.0
VT,1998,104,591.0,497.0,513.0,7.0
VT,1999,90,594.0,496.0,535.0,7.0
DE,2000,123,786.0,557.0,641.0,8.0
VT,2001,92,612.0,515.0,558.0,8.0
VT,2002,78,615.0,529.0,564.0,8.0
VT,2003,69,618.0,543.0,542.0,8.0
VT,2004,98,620.0,550.0,552.0,8.0
VT,2005,73,621.0,563.0,530.0,8.0
VT,2006,87,623.0,532.0,612.0,8.0
VT,2007,66,623.0,534.0,591.0,8.0
VT,2008,73,624.0,542.0,610.0,7.0
VT,2009,74,625.0,507.0,586.0,8.0
VT,2010,71,626.0,513.0,596.0,7.0
VT,2011,55,627.0,522.0,605.0,7.0
VT,2012,77,626.0,530.0,607.0,7.0
VT,2013,69,627.0,543.0,612.0,7.0
VT,2014,44,627.0,545.0,612.0,7.0
VT,2015,57,626.0,549.0,655.0,7.0
WA,1994,640,5335.0,3775.0,4562.0,47.0
WA,1995,653,5431.0,3765.0,4599.0,49.0
WA,1996,712,5510.0,3908.0,4689.0,49.0
WA,1997,674,5604.0,4010.0,4807.0,51.0
WA,1998,662,5688.0,4079.0,4930.0,52.0
WA,1999,637,5756.0,4129.0,4969.0,53.0
AK,2000,106,628.0,465.0,611.0,5.0
WA,2001,649,5986.0,4238.0,5303.0,54.0
WA,2002,658,6052.0,4381.0,5471.0,55.0
WA,2003,600,6104.0,4407.0,5521.0,55.0
WA,2004,567,6179.0,4505.0,5695.0,56.0
WA,2005,649,6257.0,4682.0,5771.0,55.0
WA,2006,633,6371.0,4791.0,5884.0,57.0
WA,2007,571,6462.0,4880.0,5965.0,57.0
WA,2008,521,6562.0,4954.0,6215.0,56.0
WA,2009,492,6667.0,5027.0,5810.0,56.0
WA,2010,460,6743.0,5106.0,4901.0,57.0
WA,2011,454,6823.0,5179.0,5881.0,57.0
WA,2012,438,6897.0,5228.0,5850.0,57.0
WA,2013,436,6973.0,5302.0,6393.0,57.0
WA,2014,462,7063.0,5401.0,6405.0,58.0
WA,2015,568,7170.0,5516.0,6725.0,60.0
WI,1994,712,5096.0,3554.0,4076.0,50.0
WI,1995,745,5137.0,3602.0,4162.0,51.0
WI,1996,761,5174.0,3724.0,4212.0,53.0
WI,1997,725,5200.0,3672.0,4423.0,54.0
WI,1998,714,5222.0,3710.0,4374.0,57.0
WI,1999,745,5250.0,3733.0,4459.0,57.0
ND,2000,86,642.0,459.0,711.0,7.0
WI,2001,763,5407.0,3667.0,4682.0,57.0
WI,2002,803,5445.0,3765.0,4762.0,59.0
WI,2003,848,5479.0,3766.0,4888.0,60.0
WI,2004,792,5514.0,3910.0,4938.0,60.0
WI,2005,815,5546.0,3993.0,5029.0,60.0
WI,2006,724,5578.0,4049.0,5243.0,59.0
WI,2007,756,5611.0,4066.0,5343.0,59.0
WI,2008,605,5641.0,4076.0,5310.0,57.0
WI,2009,561,5669.0,4105.0,5240.0,58.0
WI,2010,572,5690.0,4133.0,5291.0,59.0
WI,2011,582,5710.0,4147.0,5244.0,59.0
WI,2012,615,5726.0,4057.0,5215.0,59.0
WI,2013,543,5744.0,4171.0,5339.0,59.0
WI,2014,506,5759.0,4188.0,5340.0,60.0
WI,2015,566,5771.0,4195.0,5467.0,62.0
WV,1994,356,1818.0,1298.0,1479.0,17.0
WV,1995,376,1821.0,1305.0,1444.0,17.0
WV,1996,348,1819.0,1274.0,1448.0,18.0
WV,1997,381,1816.0,1285.0,1373.0,18.0
WV,1998,354,1812.0,1281.0,1400.0,19.0
WV,1999,395,1807.0,1274.0,1399.0,19.0
RI,2000,80,1050.0,654.0,779.0,8.0
WV,2001,376,1801.0,1317.0,1480.0,20.0
WV,2002,439,1805.0,1325.0,1494.0,20.0
WV,2003,394,1812.0,1272.0,1428.0,20.0
WV,2004,410,1816.0,1292.0,1416.0,20.0
WV,2005,374,1820.0,1328.0,1369.0,21.0
WV,2006,410,1828.0,1335.0,1482.0,21.0
WV,2007,432,1834.0,1359.0,1459.0,21.0
WV,2008,378,1840.0,1361.0,1451.0,21.0
WV,2009,357,1848.0,1329.0,1462.0,20.0
WV,2010,315,1854.0,1206.0,1484.0,19.0
WV,2011,338,1855.0,1199.0,1458.0,19.0
WV,2012,339,1856.0,1242.0,1459.0,19.0
WV,2013,332,1853.0,1177.0,1453.0,19.0
WV,2014,272,1849.0,1172.0,1553.0,19.0
WV,2015,268,1844.0,1167.0,1613.0,20.0
WY,1994,144,475.0,342.0,526.0,7.0
WY,1995,170,478.0,346.0,618.0,7.0
WY,1996,143,480.0,343.0,566.0,7.0
WY,1997,137,480.0,353.0,569.0,8.0
WY,1998,154,480.0,359.0,575.0,8.0
WY,1999,189,480.0,363.0,544.0,8.0
VT,2000,76,610.0,506.0,537.0,7.0
WY,2001,186,495.0,371.0,594.0,9.0
WY,2002,176,500.0,374.0,628.0,9.0
WY,2003,165,503.0,378.0,648.0,9.0
WY,2004,164,509.0,380.0,672.0,9.0
WY,2005,170,514.0,383.0,680.0,9.0
WY,2006,195,523.0,391.0,681.0,9.0
WY,2007,150,535.0,398.0,690.0,9.0
WY,2008,159,546.0,404.0,695.0,9.0
WY,2009,134,560.0,411.0,682.0,10.0
WY,2010,155,565.0,419.0,694.0,9.0
WY,2011,135,568.0,422.0,798.0,9.0
WY,2012,123,577.0,422.0,799.0,9.0
WY,2013,87,583.0,421.0,831.0,9.0
WY,2014,150,584.0,424.0,820.0,9.0
WY,2015,145,586.0,422.0,815.0,10.0
